-- phpMyAdmin SQL Dump
-- version 4.8.5
-- https://www.phpmyadmin.net/
--
-- Host: 127.0.0.1:3306
-- Generation Time: 10-Mar-2022 às 20:48
-- Versão do servidor: 5.7.26
-- versão do PHP: 7.2.18

SET SQL_MODE = "NO_AUTO_VALUE_ON_ZERO";
SET AUTOCOMMIT = 0;
START TRANSACTION;
SET time_zone = "+00:00";


/*!40101 SET @OLD_CHARACTER_SET_CLIENT=@@CHARACTER_SET_CLIENT */;
/*!40101 SET @OLD_CHARACTER_SET_RESULTS=@@CHARACTER_SET_RESULTS */;
/*!40101 SET @OLD_COLLATION_CONNECTION=@@COLLATION_CONNECTION */;
/*!40101 SET NAMES utf8mb4 */;

--
-- Database: `teclib`
--

-- --------------------------------------------------------

--
-- Estrutura da tabela `episodios`
--

DROP TABLE IF EXISTS `episodios`;
CREATE TABLE IF NOT EXISTS `episodios` (
  `id_episodio` int(11) NOT NULL AUTO_INCREMENT,
  `id_usuario` int(11) NOT NULL,
  `id_saga` int(11) NOT NULL,
  `id_temporada` int(11) NOT NULL,
  `valor` int(2) UNSIGNED ZEROFILL NOT NULL,
  `estado` enum('Concluído','Em Andamento','Lista') NOT NULL,
  PRIMARY KEY (`id_episodio`)
) ENGINE=MyISAM AUTO_INCREMENT=216 DEFAULT CHARSET=utf8;

--
-- Extraindo dados da tabela `episodios`
--

INSERT INTO `episodios` (`id_episodio`, `id_usuario`, `id_saga`, `id_temporada`, `valor`, `estado`) VALUES
(1, 1, 1, 1, 1013, 'Concluído'),
(2, 1, 2, 2, 12, 'Concluído'),
(3, 1, 3, 3, 12, 'Concluído'),
(4, 1, 4, 4, 12, 'Concluído'),
(5, 1, 6, 5, 153, 'Concluído'),
(6, 1, 6, 6, 291, 'Concluído'),
(7, 1, 7, 9, 13, 'Concluído'),
(8, 1, 8, 10, 22, 'Concluído'),
(9, 1, 9, 14, 12, 'Concluído'),
(10, 1, 10, 15, 25, 'Concluído'),
(11, 1, 11, 18, 13, 'Concluído'),
(12, 1, 11, 19, 25, 'Concluído'),
(13, 1, 11, 20, 25, 'Concluído'),
(14, 1, 10, 16, 25, 'Concluído'),
(15, 1, 10, 17, 10, 'Concluído'),
(16, 1, 11, 21, 25, 'Concluído'),
(17, 1, 10, 22, 25, 'Concluído'),
(18, 1, 12, 23, 24, 'Concluído'),
(19, 1, 12, 24, 04, 'Concluído'),
(20, 1, 12, 25, 24, 'Concluído'),
(21, 1, 12, 26, 24, 'Concluído'),
(22, 1, 13, 28, 04, 'Concluído'),
(23, 1, 13, 29, 08, 'Concluído'),
(24, 1, 14, 31, 13, 'Concluído'),
(25, 1, 14, 32, 10, 'Concluído'),
(26, 1, 15, 33, 12, 'Concluído'),
(27, 1, 15, 34, 13, 'Concluído'),
(28, 1, 16, 35, 12, 'Concluído'),
(29, 1, 16, 36, 12, 'Concluído'),
(30, 1, 16, 37, 12, 'Concluído'),
(31, 1, 16, 38, 12, 'Concluído'),
(32, 1, 13, 30, 10, 'Concluído'),
(33, 1, 17, 39, 16, 'Concluído'),
(34, 1, 17, 40, 16, 'Concluído'),
(35, 1, 6, 7, 64, 'Concluído'),
(36, 1, 18, 41, 12, 'Concluído'),
(37, 1, 21, 45, 22, 'Concluído'),
(38, 1, 22, 46, 13, 'Concluído'),
(39, 1, 25, 51, 13, 'Concluído'),
(40, 1, 25, 52, 13, 'Concluído'),
(41, 1, 25, 53, 13, 'Concluído'),
(42, 1, 25, 54, 10, 'Concluído'),
(43, 1, 26, 55, 25, 'Concluído'),
(44, 1, 26, 56, 24, 'Concluído'),
(45, 1, 26, 57, 24, 'Concluído'),
(46, 1, 26, 58, 23, 'Concluído'),
(47, 1, 8, 11, 22, 'Concluído'),
(48, 1, 29, 60, 12, 'Concluído'),
(49, 1, 8, 12, 18, 'Concluído'),
(50, 1, 29, 61, 10, 'Concluído'),
(51, 1, 20, 44, 12, 'Concluído'),
(52, 1, 8, 13, 16, 'Concluído'),
(53, 1, 30, 70, 10, 'Concluído'),
(54, 1, 31, 71, 12, 'Concluído'),
(55, 1, 36, 72, 13, 'Concluído'),
(56, 1, 19, 42, 220, 'Concluído'),
(57, 1, 19, 43, 500, 'Concluído'),
(58, 1, 24, 47, 12, 'Concluído'),
(59, 1, 24, 48, 12, 'Concluído'),
(60, 1, 24, 49, 12, 'Concluído'),
(61, 1, 24, 50, 12, 'Concluído'),
(62, 1, 37, 73, 26, 'Concluído'),
(63, 1, 28, 62, 22, 'Concluído'),
(64, 1, 28, 63, 22, 'Concluído'),
(65, 1, 28, 64, 22, 'Concluído'),
(66, 1, 28, 65, 23, 'Concluído'),
(67, 1, 28, 66, 22, 'Concluído'),
(68, 1, 28, 67, 22, 'Concluído'),
(69, 1, 28, 68, 22, 'Concluído'),
(70, 1, 28, 69, 16, 'Concluído'),
(71, 1, 27, 59, 08, 'Concluído'),
(72, 1, 38, 74, 25, 'Concluído'),
(74, 1, 34, 84, 13, 'Concluído'),
(75, 1, 34, 85, 13, 'Concluído'),
(76, 1, 34, 86, 13, 'Concluído'),
(77, 1, 34, 87, 13, 'Concluído'),
(78, 1, 32, 76, 08, 'Concluído'),
(79, 1, 32, 77, 08, 'Concluído'),
(80, 1, 33, 78, 03, 'Concluído'),
(81, 1, 33, 79, 03, 'Concluído'),
(82, 1, 33, 80, 03, 'Concluído'),
(83, 1, 33, 81, 03, 'Concluído'),
(84, 1, 39, 83, 10, 'Concluído'),
(85, 1, 35, 88, 10, 'Concluído'),
(86, 1, 35, 89, 10, 'Concluído'),
(87, 1, 40, 90, 05, 'Concluído'),
(88, 1, 43, 100, 13, 'Concluído'),
(89, 1, 43, 101, 13, 'Concluído'),
(90, 1, 42, 95, 13, 'Concluído'),
(91, 1, 42, 96, 19, 'Concluído'),
(92, 1, 42, 97, 13, 'Concluído'),
(93, 1, 42, 98, 13, 'Concluído'),
(94, 1, 41, 91, 22, 'Concluído'),
(95, 1, 41, 92, 22, 'Concluído'),
(96, 1, 41, 93, 13, 'Concluído'),
(97, 1, 41, 94, 13, 'Concluído'),
(98, 1, 44, 103, 09, 'Concluído'),
(99, 1, 44, 104, 10, 'Concluído'),
(100, 1, 44, 105, 10, 'Concluído'),
(101, 1, 44, 106, 08, 'Concluído'),
(102, 1, 44, 107, 08, 'Concluído'),
(103, 1, 44, 108, 10, 'Concluído'),
(104, 1, 44, 109, 06, 'Concluído'),
(105, 1, 47, 110, 22, 'Concluído'),
(106, 1, 50, 111, 13, 'Concluído'),
(107, 1, 46, 117, 22, 'Concluído'),
(108, 1, 46, 118, 22, 'Concluído'),
(109, 1, 46, 119, 22, 'Concluído'),
(110, 1, 46, 120, 13, 'Concluído'),
(111, 1, 46, 121, 13, 'Concluído'),
(112, 1, 50, 112, 18, 'Concluído'),
(113, 1, 50, 113, 26, 'Concluído'),
(114, 1, 50, 114, 10, 'Concluído'),
(115, 1, 50, 115, 16, 'Concluído'),
(116, 1, 66, 144, 12, 'Concluído'),
(117, 1, 38, 75, 25, 'Concluído'),
(118, 1, 68, 146, 10, 'Concluído'),
(119, 1, 67, 116, 10, 'Concluído'),
(120, 1, 65, 143, 13, 'Concluído'),
(121, 1, 71, 153, 10, 'Concluído'),
(122, 1, 72, 154, 09, 'Concluído'),
(123, 1, 69, 147, 10, 'Concluído'),
(124, 1, 69, 148, 10, 'Concluído'),
(125, 1, 51, 137, 12, 'Concluído'),
(126, 1, 70, 149, 08, 'Concluído'),
(127, 1, 75, 164, 08, 'Concluído'),
(128, 1, 76, 166, 13, 'Concluído'),
(129, 1, 52, 138, 62, 'Concluído'),
(130, 1, 77, 167, 13, 'Concluído'),
(215, 1, 74, 163, 04, 'Em Andamento'),
(214, 1, 74, 162, 10, 'Concluído'),
(134, 1, 77, 168, 12, 'Concluído'),
(135, 1, 102, 184, 12, 'Concluído'),
(136, 1, 84, 186, 08, 'Concluído'),
(137, 1, 102, 185, 13, 'Concluído'),
(138, 1, 18, 165, 11, 'Concluído'),
(139, 1, 80, 174, 13, 'Concluído'),
(140, 1, 104, 188, 10, 'Concluído'),
(141, 1, 104, 189, 10, 'Concluído'),
(142, 1, 83, 177, 12, 'Concluído'),
(143, 1, 105, 190, 13, 'Concluído'),
(144, 1, 6, 8, 131, 'Concluído'),
(145, 1, 13, 201, 10, 'Concluído'),
(146, 1, 103, 187, 18, 'Concluído'),
(147, 1, 103, 202, 08, 'Concluído'),
(148, 1, 121, 225, 10, 'Concluído'),
(149, 1, 123, 227, 12, 'Concluído'),
(150, 1, 124, 231, 04, 'Concluído'),
(151, 1, 108, 203, 25, 'Concluído'),
(152, 1, 120, 221, 10, 'Concluído'),
(153, 1, 120, 222, 08, 'Concluído'),
(154, 1, 120, 223, 08, 'Concluído'),
(155, 1, 130, 242, 08, 'Concluído'),
(156, 1, 34, 200, 13, 'Concluído'),
(157, 1, 125, 230, 08, 'Concluído'),
(158, 1, 113, 212, 13, 'Concluído'),
(159, 1, 17, 229, 16, 'Concluído'),
(160, 1, 128, 239, 18, 'Concluído'),
(161, 1, 12, 247, 24, 'Concluído'),
(162, 1, 132, 246, 10, 'Concluído'),
(163, 1, 114, 211, 13, 'Concluído'),
(164, 1, 111, 208, 24, 'Concluído'),
(165, 1, 11, 210, 25, 'Concluído'),
(166, 1, 50, 264, 10, 'Concluído'),
(167, 1, 126, 232, 26, 'Concluído'),
(168, 1, 140, 268, 08, 'Concluído'),
(169, 1, 136, 259, 06, 'Concluído'),
(170, 1, 32, 269, 08, 'Concluído'),
(171, 1, 81, 175, 16, 'Concluído'),
(172, 1, 126, 233, 12, 'Concluído'),
(173, 1, 144, 277, 07, 'Concluído'),
(174, 1, 141, 270, 12, 'Concluído'),
(175, 1, 135, 251, 10, 'Concluído'),
(176, 1, 135, 252, 10, 'Concluído'),
(177, 1, 141, 271, 10, 'Concluído'),
(178, 1, 35, 278, 10, 'Concluído'),
(179, 1, 142, 272, 12, 'Concluído'),
(180, 1, 126, 234, 12, 'Concluído'),
(181, 1, 135, 253, 10, 'Concluído'),
(182, 1, 135, 254, 10, 'Concluído'),
(183, 1, 135, 255, 10, 'Concluído'),
(184, 1, 135, 256, 10, 'Concluído'),
(185, 1, 135, 257, 07, 'Concluído'),
(186, 1, 115, 213, 12, 'Concluído'),
(187, 1, 149, 289, 12, 'Concluído'),
(188, 1, 73, 155, 03, 'Concluído'),
(189, 1, 135, 258, 06, 'Concluído'),
(190, 1, 150, 290, 12, 'Concluído'),
(191, 1, 73, 156, 04, 'Concluído'),
(192, 1, 126, 235, 14, 'Concluído'),
(193, 1, 73, 157, 02, 'Em Andamento'),
(194, 1, 27, 309, 08, 'Concluído'),
(195, 1, 67, 310, 10, 'Concluído'),
(196, 1, 148, 288, 16, 'Concluído'),
(197, 1, 84, 311, 08, 'Concluído'),
(198, 1, 157, 307, 12, 'Concluído'),
(199, 1, 127, 236, 10, 'Concluído'),
(200, 1, 127, 237, 10, 'Concluído'),
(201, 1, 146, 287, 09, 'Concluído'),
(202, 1, 154, 294, 10, 'Concluído'),
(203, 1, 156, 305, 12, 'Concluído'),
(204, 1, 121, 312, 04, 'Em Andamento'),
(205, 1, 154, 295, 10, 'Concluído'),
(206, 1, 156, 306, 12, 'Concluído'),
(207, 1, 154, 296, 10, 'Concluído'),
(208, 1, 128, 313, 15, 'Concluído'),
(209, 1, 82, 176, 24, 'Concluído'),
(210, 1, 74, 160, 10, 'Concluído'),
(211, 1, 74, 161, 12, 'Concluído'),
(212, 1, 166, 315, 12, 'Concluído'),
(213, 1, 110, 207, 12, 'Concluído');

-- --------------------------------------------------------

--
-- Estrutura da tabela `sagas`
--

DROP TABLE IF EXISTS `sagas`;
CREATE TABLE IF NOT EXISTS `sagas` (
  `id_saga` int(11) NOT NULL AUTO_INCREMENT,
  `nome` varchar(90) NOT NULL,
  `desenvolvedor` varchar(80) NOT NULL,
  `ano` varchar(9) NOT NULL,
  `tipo` enum('anime','jogo','livro','serie') NOT NULL,
  `categoria` varchar(80) NOT NULL,
  `sinopse` text,
  `img` varchar(80) DEFAULT NULL,
  PRIMARY KEY (`id_saga`)
) ENGINE=MyISAM AUTO_INCREMENT=169 DEFAULT CHARSET=utf8;

--
-- Extraindo dados da tabela `sagas`
--

INSERT INTO `sagas` (`id_saga`, `nome`, `desenvolvedor`, `ano`, `tipo`, `categoria`, `sinopse`, `img`) VALUES
(1, 'One Piece', 'Toei Animation', '1999-', 'anime', 'Ação, Aventura, Shounen', NULL, 'one_piece.jpg'),
(2, 'Another', 'P.A. Works', '2012', 'anime', 'Terror', NULL, 'another.jpg'),
(3, 'Ao Haru Ride', 'Production I.G.', '2014', 'anime', 'Drama, Romance, Shoujo', NULL, 'ao_haru_ride.jpg'),
(4, 'Devil May Cry', 'Madhouse', '2007', 'anime', 'Terror', NULL, 'devil_may_cry.jpg'),
(23, 'Tomb Raider', 'Square Enix', '2013', 'jogo', 'Ação, Aventura', '', 'tomb_raider_2013.jpg'),
(24, 'HighSchool DxD', 'TNK, Passione', '2012-2018', 'anime', 'Ecchi, Harém', '', 'highschool_dxd.jpg'),
(5, 'Assassin\'s Creed 2', 'Ubisoft', '2010', 'jogo', 'Ação', '', 'assassins_creed_2.jpg'),
(25, '13 Reasons Why', 'Netflix', '2017-2020', 'serie', 'Drama', 'Clay Jensen é um estudante que se vê envolvido em uma série de mistérios provocados pelo trágico suicídio de uma amiga.', '13_reasons_why.jpg'),
(6, 'Dragon Ball', 'Toei Animation', '1986-', 'anime', 'Ação, Shounen', '', 'dragon_ball.jpg'),
(26, 'Sword Art Online', 'A-1 Pictures', '2012-', 'anime', 'Fantasia, Romance', 'Em 2022, a humanidade transformou as dimensões virtuais em realidade. Kirito é um dos jogadores do VRMMORPG \"Sword Art Online\".', 'sword_art_online.jpg'),
(27, 'The Witcher', 'Netflix', '2019-', 'serie', 'Fantasia', 'O bruxo Geralt de Rívia é um caçador de monstros que luta para encontrar seu lugar num mundo onde as pessoas muitas vezes são mais perversas que as criaturas selvagens.', 'the_witcher.jpg'),
(28, 'The Vampire Diaries', 'The CW', '2009-2017', 'serie', 'Fantasia, Romance', '', 'the_vampire_diaries.jpg'),
(29, 'Sin: Nanatsu no Taizai', 'Artland, TNK, Bridge', '2017-2018', 'anime', 'Ecchi, Fantasia', '', 'sin_nanatsu_no_taizai.jpg'),
(30, 'Cursed', 'Netflix', '2020', 'serie', 'Fantasia, Ficção Científica', 'Com poderes misteriosos e uma espada lendária, Nimue embarca na missão de salvar seu povo na companhia do mercenário Arthur.', 'cursed.jpg'),
(31, 'Kuzu no Honkai', 'Lerche', '2017', 'anime', 'Drama, Romance, Escolar, Seinen', '', 'kuzu_no_honkai.jpg'),
(32, 'Sex Education', 'Netflix', '2019-', 'serie', 'Comédia, Drama', 'O inseguro Otis manja tudo quando o negócio é aconselhamento sexual, graças à sua mãe sexóloga. E aí a rebelde Maeve propõe criar uma clínica de terapia sexual na escola.', 'sex_education.jpg'),
(33, 'Sherlock', 'BBC One, PBS', '2010-2017', 'serie', 'Drama, Policial', '', 'sherlock.jpg'),
(34, 'Van Helsing', 'Syfy', '2016-2021', 'serie', 'Drama, Fantasia, Terror', 'Depois de três anos em coma, Vanessa desperta em um mundo devastado pelos vampiros. Agora, ela e um bando de sobreviventes precisam lutar para permanecerem vivos.', 'van_helsing.jpg'),
(35, 'You', 'Netflix', '2018-', 'serie', 'Drama, Suspense', 'Obsessivo e perigosamente charmoso, ele vai ao extremo para entrar na vida de quem o fascina. Você pode acabar fisgada sem nem perceber. Aí, pode ser tarde demais.', 'you.jpg'),
(36, 'Violet Evergarden', 'Kyoto Animation', '2018', 'anime', 'Drama, Ficção Científica', 'A guerra acabou, e Violet Evergarden precisa de trabalho. Cheia de cicatrizes, ela aceita trabalhar como escritora de cartas para entender a si mesma e seu passado.', 'violet_evergarden.jpg'),
(37, 'Kare Kano', 'Gainax e J.C. Staff', '1998', 'anime', 'Comédia, Drama, Escola, Romance, Shoujo, Slice of Life', 'Miyazawa Yukino é uma falsa aluna exemplar e rainha da vaidade, que após um descuido é descoberta pelo verdadeiro aluno exemplar, Arima Souichirou. Eles são diferentes mas possuem o mesmo problema, e assim começam a dividir seus segredos e se tornarem cada vez mais próximos.', 'kare_kano.jpg'),
(7, 'Elfen Lied', 'Arms Corporation', '2004', 'anime', 'Seinen', NULL, 'elfen_lied.jpg'),
(8, 'Reign', 'The CW', '2013-2017', 'serie', 'Romance', NULL, 'reign.jpg'),
(9, 'Boku Dake ga Inai Machi', 'A-1 Pictures', '2016', 'anime', 'Seinen', 'Satoru Fujinuma volta no tempo para salvar as vidas dos outros. Quando ele acorda há 18 anos do tempo atual, é hora de salvar seus colegas assassinados.', 'boku_dake_ga_inai_machi.jpg'),
(10, 'Haikyuu!!', 'Production I.G', '2014-2020', 'anime', 'Shounen', NULL, 'haikyuu.jpg'),
(11, 'Boku no Hero Academia', 'Bones', '2016-', 'anime', 'Shounen', NULL, 'boku_no_hero.jpg'),
(12, 'Nanatsu no Taizai', 'A-1 Pictures', '2014-2021', 'anime', 'Shounen', 'Depois que seu reino é dominado por tiranos, uma princesa tenta encontrar um grupo de cavaleiros perigosos para ajudá-la a recuperar suas terras.', 'nanatsu_no_taizai.jpg'),
(13, 'Castlevania', 'Netflix', '2017-2021', 'anime', 'Ação, Terror', 'Um caçador de vampiros luta para salvar uma cidade sitiada por um exército de criaturas controladas pelo próprio Drácula. Inspirado no clássico videogame.', 'castlevania.jpg'),
(14, 'Hellsing', 'Gonzo', '2001-2012', 'anime', 'Terror', NULL, 'hellsing.jpg'),
(15, 'Noragami', 'Bones', '2014-2015', 'anime', 'Ação, Comédia, Drama, Romance, Sobrenatural', 'No limite entre este reino e o outro, vivem oito milhões de deuses, espíritos de mortos que servem como deuses. Uma doce garota chamada Iki Hiyori encontra um garoto sem-teto usando um moletom e o salva de ser atropelado, mas sofre o acidente em seu lugar. O garoto que se diz ser um deus chamado Yato, é sem- educação, rabugento, preguiçoso e nunca escuta aos desejos de ninguém, mas ele tem o poder de ser um deus… que ninguém sabia até então.', 'noragami.jpg'),
(16, 'Tokyo Ghoul', 'Pierrot', '2014-2018', 'anime', 'Sobrenatural', '', 'tokyo_ghoul.jpg'),
(17, 'Legacies', 'The CW', '2018-', 'serie', 'Fantasia', '', 'legacies.jpg'),
(18, 'The Promised Neverland', 'CloverWorks', '2019-2021', 'anime', 'Ficção Científica, Mistério, Suspense', 'Três crianças descobrem que o orfanato onde vivem não é nada do que eles pensavam. Agora, têm que liderar o grupo todo num arriscado plano de fuga.', 'the_promised_neverland.jpg'),
(19, 'Naruto', 'Pierrot', '2002-2017', 'anime', 'Shounen', '', 'naruto.jpg'),
(20, 'No Game No Life', 'Madhouse', '2014', 'anime', 'Fantasia, Ficção Científica, Isekai', 'Os lendários irmãos gamers Sora e Shiro são transportados para um mundo onde tudo é resolvido com jogos, e a humanidade está em grave perigo de extinção.', 'no_game_no_life.jpg'),
(21, 'Shigatsu wa Kimi no Uso', 'A-1 Pictures', '2014-2015', 'anime', 'Slice of Life, Romance', '', 'shigatsu_wa_kimi_no_uso.jpg'),
(22, 'Tonari no Kaibutsu-kun', 'Brains Base', '2012', 'anime', 'Slice of Life, Romance', '', 'tonari_no_kaibutsu-kun.jpg'),
(38, 'Re:ZERO', 'White Fox', '2016-', 'anime', 'Ação, Aventura, Fantasia', '', 're_zero.jpg'),
(39, 'V Wars', 'Netflix', '2019', 'serie', 'Drama, Ficção Científica, Suspense, Terror', 'Uma misteriosa doença transforma suas vítimas em criaturas sanguinárias e põe dois amigos em lados opostos da disputa que definirá o futuro da humanidade.', 'v_wars.jpg'),
(40, 'Chernobyl', 'HBO', '2019', 'serie', 'Drama', '', 'chernobyl.jpg'),
(41, 'Beauty and the Beast', 'The CW', '2012-2016', 'serie', 'Ficção Científica, Romance, Suspense', '', 'beauty_and_the_beast.jpg'),
(42, 'iZombie', 'The CW', '2015-2019', 'serie', 'Comédia, Crime, Drama, Terror', '', 'izombie.jpg'),
(43, 'Jessica Jones', 'Netflix', '2015-2019', 'serie', 'Ação, Crime, Drama', 'Assombrada pelos traumas do passado, Jessica Jones usa seus poderes como detetive particular para encontrar e deter o perverso Kilgrave.', 'jessica_jones.jpg'),
(44, 'Skins', 'E4', '2007-2013', 'serie', 'Comédia, Drama', '', 'skins.jpg'),
(45, 'Supernatural', 'The CW', '2005-2020', 'serie', 'Drama, Fantasia, Terror', '', 'supernatural.jpg'),
(46, 'The Originals', 'The CW', '2013-2018', 'serie', 'Drama, Fantasia, Suspense', '', 'the_originals.jpg'),
(47, 'The Secret Circle', 'The CW', '2011-2012', 'serie', 'Drama, Fantasia, Romance', '', 'the_secret_circle.jpg'),
(48, 'The Walking Dead', 'AMC', '2010-', 'serie', 'Drama, Terror', '', 'the_walking_dead.jpg'),
(49, 'Atypical', 'Netflix', '2017-2021', 'serie', 'Comédia, Drama', 'Quando um adolescente com traços de autismo resolve arrumar uma namorada, sua busca por independência coloca a família toda em uma aventura de autodescoberta.', 'atypical.jpg'),
(50, 'Lucifer', 'Fox, Netflix', '2016-2021', 'serie', 'Drama, Crime, Fantasia', 'Entediado com a vida nas trevas, o diabo se muda para Los Angeles, abre um piano-bar e empresta sua sabedoria a uma investigadora de assassinatos.', 'lucifer.jpg'),
(51, 'Adachi to Shimamura', 'Tezuka Productions', '2020-', 'anime', 'Romance, Slice of Life', '', 'adachi_to_shimamura.jpg'),
(52, 'Hunter x Hunter', 'Nippon Animation, Madhouse', '1999-2014', 'anime', 'Ação, Aventura, Fantasia', '', 'hunter_x_hunter.jpg'),
(53, 'Dungeon ni Deai', 'J.C. Staff', '2015-', 'anime', 'Aventura, Comédia, Ecchi, Fantasia', 'Dungeon ni Deai o Motomeru no wa Machigatteiru Darou ka se passa no mundo de Orario, onde aventureiros se unem para caçar tesouros em labirintos subterrâneos conhecidos como Dungeon. No entanto, para Bell Cranel, fama e dinheiro estão em segundo plano; o que ele mais quer encontrar, na verdade, são garotas! Mas ele logo descobre que dentro de uma Dungeon tudo pode acontecer e, no fim, ele que acaba sendo a donzela em perigo!', 'dungeon_ni_deai.jpg'),
(54, 'A Cabana', 'William P. Young', '2007', 'livro', 'Drama', '', 'a_cabana.jpg'),
(55, 'Asas de Moleque', 'Miguel Jorge', '1989', 'livro', 'Infanto-juvenil', '', 'asas_de_moleque.jpg'),
(56, 'Eu, Robô', 'Isaac Asimov', '1950', 'livro', 'Ficção Científica', '', 'eu_robo.jpg'),
(57, 'A Árvore que Dava Dinheiro', 'Domingos Pellegrini', '1981', 'livro', 'Infanto-juvenil', '', 'a_arvore_que_dava_dinheiro.jpg'),
(58, 'Os Doze Mandamentos', 'Sidney Sheldon', '1995', 'livro', 'Ficção Científica', '', 'os_doze_mandamentos.jpg'),
(59, 'O Príncipe Fantasma', 'Ganymédes José, Tereza de Noronha', '1985', 'livro', 'Infanto-juvenil', '', 'o_principe_fantasma.jpg'),
(60, 'O Fantasma da Meia-Noite', 'Sidney Sheldon', '1995', 'livro', 'Mistério, Suspense', '', 'o_fantasma_da_meia_noite.jpg'),
(61, 'A Perseguição', 'Sidney Sheldon', '1994', 'livro', 'Suspense', '', 'a_perseguicao.jpg'),
(62, 'O Pequeno Príncipe', 'Antoine de Saint-Exupéry', '1943', 'livro', 'Infanto-juvenil', '', 'o_pequeno_principe.jpg'),
(63, 'Um Amor de Outro Mundo', 'Ganymédes José', '1987', 'livro', 'Infanto-juvenil', '', 'um_amor_de_outro_mundo.jpg'),
(64, 'Beowulf', 'Welwyn Wilton Katz', '1999', 'livro', 'Ficção Científica', '', 'beowulf.jpg'),
(65, 'Seishun Buta Yarou wa Bunny Girl Senpai no Yume wo Minai', 'CloverWorks', '2018', 'anime', 'Colegial, Comédia, Romance', 'After experiencing \"puberty syndrome\" himself, high school pariah Sakuta keeps meeting girls suffering from it, including his sister and actor Mai.', 'bunny_girl.jpg'),
(66, 'Kanojo, Okarishimasu', 'TMS Entertainment', '2020', 'anime', 'Comédia, Escola, Romance, Shounen', '', 'kanojo_okarishimasu.jpg'),
(67, 'Emily in Paris', 'Netflix', '2020-', 'serie', 'Comédia, Drama, Romance', 'Emily Cooper consegue o trabalho dos sonhos em Paris. Agora, ela precisa administrar a carreira, os amigos e o amor na Cidade Luz.', 'emily_in_paris.jpg'),
(68, 'The Haunting of Hill House', 'Netflix', '2018', 'serie', 'Drama, Mistério, Terror', 'Entre o passado e o presente, uma família dividida confronta memórias assustadoras do antigo lar e dos eventos aterrorizantes que os expulsaram de lá.', 'the_haunting_of_hill_house.jpg'),
(69, 'Tell Me a Story', 'CBS All Access', '2018-2020', 'serie', 'Suspense', '', 'tell_me_a_story.jpg'),
(70, 'Dash & Lily', 'Netflix', '2020', 'serie', 'Comédia, Drama, Romance', 'Os opostos se atraem quando o cínico Dash e a otimista Lily trocam mensagens e desafios em um caderno que vão deixando em diferentes pontos de Nova York.', 'dash_&_lily.jpg'),
(71, 'The Society', 'Netflix', '2019', 'serie', 'Drama', 'Todo mundo desaparece da próspera cidade de West Ham, menos os adolescentes. Para sobreviver, eles vão ter de organizar a sua própria sociedade.', 'the_society.jpg'),
(72, 'The Haunting of Bly Manor', 'Netflix', '2020', 'serie', 'Drama, Mistério, Terror', 'Morrer não quer dizer partir. Uma babá adentra um mundo de segredos sinistros neste romance gótico do criador de \"A Maldição da Residência Hill\".', 'the_haunting_of_bly_manor.jpg'),
(73, 'Black Mirror', 'Channel 4, Netflix', '2011-2019', 'serie', 'Drama, Ficção Científica, Suspense', 'Esta série antológica de ficção científica explora um futuro próximo onde a natureza humana e a tecnologia de ponta entram em um perigoso conflito.', 'black_mirror.jpg'),
(74, 'Mr. Robot', 'USA Network', '2015-2019', 'serie', 'Drama, Suspense', '', 'mr_robot.jpg'),
(75, 'Bridgerton', 'Netflix', '2020', 'serie', 'Drama, Romance', 'Oito irmãos inseparáveis buscam amor e felicidade na alta sociedade de Londres. Inspirada nos best-sellers de Julia Quinn.', 'bridgerton.jpg'),
(76, 'Orange', 'TMS Entertainment', '2016', 'anime', 'Drama, Romance, Sci-Fi, Shoujo, Vida Escolar', 'Em um dia, Naho recebe um carta de sí mesma de dez anos no futuro. Como Naho lê sobre, a carta recita exatamente os acontecimentos do dia, incluindo a transferência de um novo aluno em sua classe chamada Naruse Kakeru. A Naho de dez anos mais tarde, repetidamente afirma que ela tem muitos arrependimentos, e ela quer corrigir esses por certificando-se que a Naho do passado pode fazer suas certas decisões, especialmente em relação a Kakeru. ', 'orange.jpg'),
(77, 'Kamisama Hajimemashita', 'TMS Entertainment, V1 Studio', '2012-2015', 'anime', 'Comédia, Romance, Sobrenatural, Shoujo', '', 'kamisama_hajimemashita.jpg'),
(78, 'Bleach', 'TV Tokyo', '2004-2012', 'anime', 'Ação, Aventura, Fantasia, Shounen', '', 'bleach.jpg'),
(79, 'Shingeki no Kyojin', 'Wit Studio, Production I.G, MAPPA', '2013-', 'anime', 'Ação, Fantasia', '', 'shingeki_no_kyojin.jpg'),
(80, 'Horimiya', 'CloverWorks', '2021', 'anime', 'Comédia, Romance, Slice of Life', 'Quando a popular Hori e o melancólico Miyamura se encontram, eles revelam seus lados ocultos. Isso pode ser o começo de algo novo?', 'horimiya.jpg'),
(81, 'Satsuriku no Tenshi', 'J.C.Staff', '2018', 'anime', 'Suspense, Terror', '', 'satsuriku_no_tenshi.jpg'),
(82, 'Jujutsu Kaisen', 'MAPPA', '2020-', 'anime', 'Aventura, Fantasia, Shounen, Sobrenatural', '', 'jujutsu_kaisen.jpg'),
(83, 'Ishuzoku Reviewers', 'Passione', '2020', 'anime', 'Comédia, Fantasia, Ecchi', '', 'ishuzoku_reviewers.jpg'),
(84, 'DOTA: Dragon\'s Blood', 'Netflix', '2021-', 'anime', 'Fantasia, Ficção Científica', 'Um Cavaleiro Dragão em conflito deve usar a força do dragão interior para deter um demônio mortal nesta fantasia épica baseada no jogo online.', 'dota_dragons_blood.jpg'),
(85, 'O Estrangulador', 'Sidney Sheldon', '1993', 'livro', 'Ficção, Mistério', '', 'o_estrangulador.jpg'),
(86, 'Dinheiro do Céu', 'Marcos Rey', '1985', 'livro', 'Infanto-juvenil', '', 'dinheiro_do_ceu.jpg'),
(87, 'Piratas do Caribe: Jack Sparrow - Caça ao Pirata', 'Rob Kidd', '2006', 'livro', 'Ficção Científica', '', 'caca_ao_pirata.jpg'),
(88, 'Os 7 Falcões', 'Márcio Borges', '2001', 'livro', 'Ficção', '', 'os_7_falcoes.jpg'),
(89, 'Masterpiece: Chegou a Vez de Marvin no Mundo da Arte', 'Elise Broach', '2008', 'livro', 'Ficção, Mistério, Literatura Infantil', '', 'masterpiece.jpg'),
(90, 'O Ouro do Fantasma', 'Manuel Filho', '2004', 'livro', 'Infanto-juvenil', '', 'o_ouro_do_fantasma.jpg'),
(91, 'O Milagre', 'Nicholas Sparks', '2005', 'livro', 'Ficção, Romance', '', 'o_milagre.jpg'),
(92, 'A Escolha', 'Nicholas Sparks', '2007', 'livro', 'Romance', '', 'a_escolha.jpg'),
(93, 'Um Amor para Recordar', 'Nicholas Sparks', '2002', 'livro', 'Romance', '', 'um_amor_para_recordar.jpg'),
(94, 'Diário de Uma Paixão', 'Nicholas Sparks', '1996', 'livro', 'Romance', '', 'diario_de_uma_paixao.jpg'),
(95, 'A Culpa é das Estrelas', 'John Green', '2012', 'livro', 'Drama, Romance', '', 'a_culpa_e_das_estrelas.jpg'),
(96, 'Cidades de Papel', 'John Green', '2008', 'livro', 'Romance, Mistério', '', 'cidades_de_papel.jpg'),
(97, 'O Casamento', 'Nicholas Sparks', '2003', 'livro', 'Romance', '', 'o_casamento.jpg'),
(98, 'Como Eu Era Antes de Você', 'Jojo Moyes', '2012', 'livro', 'Drama, Romance', '', 'como_eu_era_antes_de_voce.jpg'),
(99, 'Depois de Você', 'Jojo Moyes', '2015', 'livro', 'Drama, Romance', '', 'depois_de_voce.jpg'),
(100, 'Dezesseis Luas', 'Kami Garcia, Margaret Stohl', '2009', 'livro', 'Drama, Fantasia, Romance', '', 'dezesseis_luas.jpg'),
(163, 'Dezessete Luas', 'Kami Garcia, Margaret Stohl', '2010', 'livro', 'Drama, Fantasia, Romance', '', 'dezessete_luas.jpg'),
(164, 'Dezoito Luas', 'Kami Garcia, Margaret Stohl', '2011', 'livro', 'Drama, Fantasia, Romance', '', 'dezoito_luas.jpg'),
(165, 'Dezenove Luas', 'Kami Garcia, Margaret Stohl', '2012', 'livro', 'Drama, Fantasia, Romance', '', 'dezenove_luas.jpg'),
(166, 'The Cuphead Show!', 'Netflix', '2022', 'anime', 'Aventura, Comédia', 'Acompanhe as aventuras do impulsivo Xicrinho e seu ingênuo irmão Caneco nesta série de animação baseada no famoso videogame.', 'the_cuphead_show.jpg'),
(167, 'My Dress-Up Darling', 'CloverWorks', '2022', 'anime', 'Comédia, Romance, Slice of Life', '', 'my_dress-up_darling.jpg'),
(168, 'Tate no Yūsha no Nariagari', 'Kinema Citrus', '2019', 'anime', 'Ação, Aventura, Fantasia, Isekai', '', 'tate_no_yusha_no_nariagari.jpg'),
(101, 'Fallen', 'Lauren Kate', '2009-2012', 'livro', 'Ficção, Romance', '', 'fallen.jpg'),
(102, 'Tales of Zestiria the X', 'Ufotable', '2016-2017', 'anime', 'Ação, Aventura, Fantasia', 'Sorey é um jovem humano que cresceu entre os serafins, seres espirituais invisíveis para os humanos. Sorey acredita no folclore que diz que há muito tempo, todos os humanos podiam ver os serafins e sonha em desvender mistérios antigos para tornar o mundo um lugar onde pessoas e serafins podem viver juntos em paz.', 'tales_of_zestiria_the_x.jpg'),
(103, 'Love, Death & Robots', 'Netflix', '2019-', 'serie', 'Ficção Científica, Suspense, Terror', 'Criaturas aterrorizantes, surpresas bizarras e humor ácido. Tudo isso e muito mais nesta série de animação de Tim Miller e David Fincher.', 'love_death_robots.jpg'),
(104, 'Kono Subarashii Sekai ni Shukufuku wo!', 'Studio DEEN', '2016-2017', 'anime', 'Comédia, Fantasia, Harém, Ecchi, Romance', 'A série conta a história de um garoto que é mandado para um mundo fantasioso após a sua morte, formando um grupo disfuncional com uma deusa, uma maga e uma cruzado para lutar contra monstros.', 'konosuba.jpg'),
(105, 'Charlotte', 'P. A. Works', '2015', 'anime', 'Comédia, Drama, Sobrenatural', 'Num mundo alternativo, uma pequena porcentagem das crianças são capazes de manifestar seus superpoderes ao atingir a puberdade. A história é ambientada na Academia Hoshinoumi e acompanha os membros do conselho estudantil, que ajudam os outros alunos com problemas decorrentes das suas habilidades. Yuu Otosaka, um jovem que descobre ser capaz de \"possuir\" a mente das pessoas, mas por apenas 5 segundos. utiliza seu poder sem ter conhecimento deles, vivendo seu cotidiano normalmente. No entanto, depois que ele conhece uma garota misteriosa chamada Nao Tomori, o destino do usuários especiais com poderes poderá ser exposto.', 'charlotte.jpg'),
(106, 'RWBY', 'Rooster Teeth', '2013-', 'anime', 'Ação, Aventura, Ficção Científica', 'The future-fantasy world of Remnant is filled with ravenous monsters, treacherous terrain, and more villains than you can shake a sniper-scythe at. Fortunately, Beacon Academy is training Huntsmen and Huntresses to battle the evils of the world, and Ruby, Weiss, Blake, and Yang are ready for their first day of class.', 'rwby.jpg'),
(107, 'Seraph of the End: Vampire Reign', 'Wit Studio', '2015', 'anime', 'Ação, Fantasia', 'Um dia, um vírus misterioso apareceu na Terra e matou todos os seres humanos infectados com idade superior a 13 anos. Ao mesmo tempo, vampiros surgiram das trevas do mundo, escravizaram a humanidade e os trataram como gado. Hyakuya Yuuichirou, um jovem rapaz que sobreviveu junto com outros órfãos, sonha grande, sonha em matar vampiros, sonha em matar todos eles. Após escapar do cativeiro Yuuichirou se tornou membro da Companhia Demônio da Lua, uma unidade do exército japonês dedicada a caçar os vampiros, Yuuichirou dedica sua vida para destruir os vampiros e buscar vingança contra eles por terem assassinado a sua \"família\". ', 'seraph_of_the_end.jpg'),
(108, 'Toradora!', 'J.C.Staff', '2008-2009', 'anime', 'Comédia, Vida Escolar, Romance', 'Com cara de poucos amigos e um coração de ouro, Ryuuji tem uma amizade improvável com Taiga, uma baixinha abusada que não leva desaforo pra casa.', 'toradora.jpg'),
(109, 'Berserk', 'OLM, GEMBA, millepensee ', '1997-2017', 'anime', 'Ação, Aventura, Drama, Fantasia, Terror', '', 'berserk.jpg'),
(110, 'Seiren', 'Studio Gokumi, AXsiZ', '2017', 'anime', 'Comédia, Romance', 'Shōichi Kamita is a second-year high school student who is worried about university exams and his future. In this point in his life, he comes into contact with various girls, and the series follows Shōichi and his relationships with them.', 'seiren.jpg'),
(111, 'DARLING in the FRANXX', 'A-1 Pictures', '2018', 'anime', 'Drama, Ficção Científica, Mecha, Romance', 'Futuro distante: a humanidade se estabeleceu em Latifúndios, cidades-fortalezas erguidas sobre os destroços da guerra, e a civilização floresceu. Nessa cidade, há o Mistilteinn, um quartel de pilotos também conhecido como Gaiola. É lá que as crianças vivem... Alheios ao mundo de fora e da vastidão dos céus. Sua única missão em vida é lutar. Seus inimigos são os urrossauros, gigantescos organismos misteriosos. As crianças operam robôs chamados FRANXX para enfrentar esses inimigos desconhecidos, crentes de que esse é seu objetivo de vida.', 'darling_in_the_franxx.jpg'),
(112, 'God Eater', 'Ufotable', '2015-2016', 'anime', 'Ação, Aventura, Ficção Científica', '', 'god_eater.jpg'),
(113, 'Plastic Memories', 'Doga Kobo', '2015', 'anime', 'Comédia, Drama, Romance, Ficção Científica', '', 'plastic_memories.jpg'),
(114, 'Gleipnir', 'Pine Jam', '2020', 'anime', 'Ação, Sobrenatural, Terror', '', 'gleipnir.jpg'),
(115, 'Kyōkai no Kanata', 'Kyoto Animation', '2013', 'anime', 'Ação, Fantasia, Sobrenatural', '', 'kyokai_no_kanata.jpg'),
(116, 'Dororo', 'Mushi Productions, MAPPA, Tezuka Productions', '1969-2019', 'anime', 'Ação, Aventura, Shounen, Sobrenatural', '', 'dororo.jpg'),
(117, 'Suki-tte ii na yo', 'ZEXCS', '2012', 'anime', 'Drama, Romance, Escolar, Shoujo', '', 'suki-tte_ii_na_yo.jpg'),
(118, 'O Sapo e o Girassol', 'Maria Eduarda Andrade', '2021', 'livro', 'Infanto-juvenil', 'Nas margens de um lindo lago chamado Agosto, várias flores crescem alegremente todo ano junto a seus amigos, os insetos e os sapos. No último verão, as crianças acabam levando muitas das flores embora e apenas um girassol nasceu nessa temporada, e cabe a seu amigo, o Sapo, ajudá-lo a crescer até que se torne um Girassol Gigante.', 'o_sapo_e_o_girassol.jpg'),
(119, 'Élite', 'Netflix', '2018-', 'serie', 'Mistério', 'Após três jovens da escola pública serem transferidos para um conceituado colégio de elite, o conflito entre classes acaba levando a um assassinato.', 'elite.jpg'),
(120, 'Dark', 'Netflix', '2017-2020', 'serie', 'Drama, Ficção Científica, Mistério, Policial, Suspense', 'Quatro famílias iniciam uma desesperada busca por respostas quando uma criança desaparece e um complexo mistério envolvendo três gerações começa a se revelar.', 'dark.jpg'),
(121, 'Too Hot to Handle', 'Netflix', '2020-', 'serie', 'Reality Show', 'Em uma praia paradisíaca, jovens solteiros se conhecem e se envolvem. Mas há um desafio: para ganhar o prêmio de 100.000 dólares, eles precisam renunciar ao sexo.', 'too_hot_to_handle.jpg'),
(122, 'Paradise City', 'ABC', '2021', 'serie', 'Drama, Fantasia', 'As vidas de um astro do rock que parece ter tudo e um jovem garoto que o idolatra colidem em suas vidas destruídas, construídas pelo mercado da música e o lado obscuro de Los Angeles.', 'paradise_city.jpg'),
(123, 'Sense8', 'Netflix', '2015-2017', 'serie', 'Drama, Ficção Científica, Suspense', 'Das criadoras de “Matrix” e “Babylon 5”, esta série segue oito desconhecidos que passam a compartilhar sentimentos e habilidades enquanto tentam evitar seu extermínio.', 'sense8.jpg'),
(124, 'Resident Evil: Infinite Darkness', 'Netflix', '2021', 'anime', 'Ação, Mistério, Suspense, Terror', 'Anos depois dos horrores de Raccoon City, Claire e Leon são dominados por uma conspiração sombria quando um ataque viral assola a Casa Branca.', 'resident_evil_infinite_darkness.jpg'),
(125, 'Sex/Life', 'Netflix', '2021', 'serie', 'Drama, Romance', 'Frustrada com o casamento morno, Billie começa a escrever um diário contando as histórias eróticas que viveu com o ex-namorado Brad.', 'sex-life.jpg'),
(126, 'To LOVE-Ru', 'Xebec', '2008-2015', 'anime', 'Comédia, Ecchi, Ficção Científica, Harém, Romance', '', 'to_love_ru.jpg'),
(127, 'Never Have I Ever', 'Netflix', '2020-', 'serie', 'Comédia, Drama', 'Ela teve um ano complicado. Agora, tudo que essa jovem quer é melhorar seu status social. Será que os amigos, a família e seus sentimentos vão ajudar?', 'never_have_i_ever.jpg'),
(128, 'Oscuro Deseo', 'Netflix', '2020-2022', 'serie', 'Mistério, Policial, Suspense', 'Casada, Alma passa um fim de semana fora de casa. A experiência desperta uma paixão, mas acaba em tragédia e a faz questionar a verdade sobre as pessoas próximas.', 'oscuro_deseo.jpg'),
(129, 'Into the Dark', 'Hulu', '2018-', 'serie', 'Terror', '', 'into_the_dark.jpg'),
(130, 'Too Hot to Handle: Brazil', 'Netflix', '2021', 'serie', 'Reality Show', 'Solteiros atraentes em um paraíso tropical. Parece perfeito! O problema é que, para ter a chance de embolsar o prêmio de R$500.000, eles vão ter que dizer não ao sexo.', 'too_hot_to_handle_brazil.jpg'),
(131, 'Shadowhunters: The Mortal Instruments', 'Freeform', '2016-2019', 'serie', 'Fantasia, Ficção Científica', 'A vida da jovem Clary Fray muda completamente quando ela descobre fazer parte de uma raça de humanos que caçam demônios e têm sangue de anjo.', 'shadowhunters.jpg'),
(132, 'Tiny Pretty Things', 'Netflix', '2020', 'serie', 'Drama, Mistério', 'Uma bailarina é convidada para substituir a melhor aluna de uma escola de balé e acaba entrando em um mundo de mentiras, traições e disputas implacáveis.', 'tiny_pretty_things.jpg'),
(133, 'Magi: The Labyrinth of Magic', 'A1-Pictures', '2012-2014', 'anime', 'Ação, Fantasia, Ficção Científica, Shounen', 'O jovem Aladim e seu corajoso amigo Ali Babá embarcam em uma fantástica aventura em busca de um tesouro mágico em uma terra de ruínas misteriosas.', 'magi.jpg'),
(134, 'Magi: Sinbad no Bouken', 'Netflix', '2016', 'anime', 'Ação, Aventura, Fantasia, Shounen', 'Determinado a transformar o mundo em um lugar melhor, o garoto Sinbad irá se tornar o Grande Rei dos Sete Mares. Ele inicia sua jornada com uma perigosa dungeon.', 'magi_sinbad_no_bouken.jpg'),
(135, 'Game of Thrones', 'HBO', '2011-2019', 'serie', 'Drama, Fantasia', 'Summers span decades. Winters can last a lifetime. And the struggle for the Iron Throne begins. Based on the bestselling book series by George R.R. Martin and created by David Benioff and D.B. Weiss.', 'game_of_thrones.jpg'),
(136, 'Bright Falls', 'Microsoft', '2010', 'serie', 'Mistério, Suspense, Terror', 'Bright Falls is a mysterious six part mini-series set in the quiet Pacific Northwest town of the same name. When a reporter enters the town as an outsider, he quickly discovers there is something disturbing under the surface.', 'bright_falls.jpg'),
(137, 'Fate/Stay Night', 'Studio DEEN, Ufotable', '2006-2020', 'anime', 'Ação, Drama, Comédia, Fantasia, Romance, Sobrenatural', '', 'fate_stay_night.jpg'),
(138, 'A Feira dos Casamentos', 'J. W. Rochester, Vera Kryzhanovskaia', '2018', 'livro', 'Drama, Romance', 'Intrigas e traições delineiam a história de sedução dos casamentos aristocráticos, onde personagens buscam riqueza e poder na antiga sociedade imperial russa. Perdas e ganhos de fortunas misturam-se a lutas pessoais de superação, enquanto valores morais como os da personagem Tâmara, apaziguam ódios e transformam orgulhos feridos.', 'a_feira_dos_casamentos.jpg'),
(139, 'Kimetsu no Yaiba', 'Ufotable', '2019-', 'anime', 'Ação, Aventura, Shounen', 'Demônios massacraram sua família e amaldiçoaram sua irmã. Agora Tanjiro inicia sua jornada para encontrar a cura e se vingar.', 'kimetsu_no_yaiba.jpg'),
(140, 'Too Hot to Handle: Latino', 'Netflix', '2021', 'serie', 'Reality Show', 'Neste reality, um grupo de solteiros da América Latina e da Espanha é desafiado a ficar sem sexo. A recompensa pela abstinência? 100 mil dólares.', 'too_hot_to_handle_latino.jpg'),
(141, 'Isekai Maou to Shoukan Shoujo no Dorei Majutsu', 'Ajia-do Animation Works, Tezuka Productions, Okuruto Noboru', '2018-2021', 'anime', 'Comédia, Fantasia, Harém, Isekai', '', 'isekai_maou_to_shoukan_shoujo_no_dorei_majutsu.jpg'),
(142, 'Sentouin, Hakenshimasu!', 'J.C.Staff', '2021', 'anime', 'Ação, Comédia, Fantasia', '', 'sentouin_hakenshimasu.jpg'),
(143, 'Victorious', 'Nickelodeon', '2010-2013', 'serie', 'Sitcom', 'A cantora aspirante Tori Vega entra para uma escola de excêntricos e tem dificuldades para se enturmar com os outros estudantes, que são muito talentosos.', 'victorious.jpg'),
(144, 'Midnight Mass', 'Netflix', '2021', 'serie', 'Drama, Mistério, Terror', 'A chegada de um jovem sacerdote carismático traz milagres, mistérios e um fervor religioso renovado a uma cidade moribunda e desesperada por fé.', 'midnight_mass.jpg'),
(145, 'House of the Dragon', 'HBO', '2022-', 'serie', 'Drama, Fantasia', '', 'house_of_the_dragon.jpg'),
(146, 'Arcane', 'Netflix', '2021', 'anime', 'Ação, Aventura, Fantasia', 'Em meio ao conflito entre as cidades-gêmeas de Piltover e Zaun, duas irmãs lutam em lados opostos de uma guerra entre tecnologias mágicas e convicções incompatíveis.', 'arcane.jpg'),
(147, 'Inazuma Eleven', 'OLM', '2008-2019', 'anime', 'Aventura, Esporte, Fantasia', '', 'inazuma_eleven.jpg'),
(148, 'Hometown Cha-Cha-Cha', 'tvN', '2021', 'serie', 'Comédia, Romance', 'Uma dentista da cidade grande abre um consultório em um vilarejo litorâneo e conhece um faz-tudo que é o extremo oposto dela. Agora tudo pode acontecer.', 'hometown_cha-cha-cha.jpg'),
(149, 'Yosuga no Sora', 'feel.', '2010', 'anime', 'Comédia, Drama, Romance, Ecchi, Seinen, Harém', 'A história é sobre o estudante Kasugano Haruka que se tornou orfão junto com sua irmã gêmea Kasugano Sora que perderam seus pais em um acidente de carro. Devido à tragédia, os dois voltaram para a cidade do interior chamada Okukosome e agora vivem na antiga casa o­nde o pai deles trabalhava como médico. Ainda em luto pela perda dos pais, Haruka passava todo tempo preso em casa sem conseguir se adaptar ao novo ambiente, mas, graças ao apoio do seu novo amigo Ryouhei, da vizinha Nao, da antiga amiga de infância Akira e de sua amiga Kazuha, ele consegue superar a tristeza e volta a viver feliz.', 'yosuga_no_sora.jpg'),
(150, 'Valkyrie Drive', 'Arms', '2015', 'anime', 'Ação, Yuri, Sobrenatural', '', 'valkyrie_drive.jpg'),
(151, 'Shinmai Maou no Testament', 'Production IMS', '2015', 'anime', 'Ação, Romance, Fantasia, Harém, Ecchi', '', 'shinmai_maou_no_testament.jpg'),
(152, 'Branco Sobre Negro', 'Rúben Gallego', '2004', 'livro', '', 'Branco sobre negro foi escrito com um só dedo. Cada uma de suas linhas representou um desafio para Rúben Gallego e agora confrontam o leitor com uma experiência emocionante. Mais do que uma história triste, a vida do autor é a crônica de um vencedor, de quem nasceu com pernas e mãos imobilizadas pela paralisia cerebral, passou infância e adolescência confinado em orfanatos e asilos da antiga União Soviética e que soube fazer da escrita um comovente canto de amor à vida e à beleza.', 'branco_sobre_negro.jpg'),
(153, 'Diário de uma garota nada popular: Histórias de uma pop star nem um pouco talentosa', 'Rachel Renée Russell', '2012', 'livro', 'Infantojuvenil', '', 'ddugnp_historias_de_uma_pop_star_nem_um_pouco_telentosa.jpg'),
(154, 'Dickinson', 'Apple TV+', '2019-', 'serie', 'Comédia', 'Hailee Steinfeld é Émily Dickinson: poeta, filha e rebelde. Nesta história de passagem à idade adulta, Emily quer ser a maior escritora de poesia do mundo.', 'dickinson.jpg'),
(155, 'Arrow', 'The CW', '2012-2019', 'serie', 'Ação, Aventura, HQ', 'Inspirada nos quadrinhos do Arqueiro Verde, esta série acompanha as aventuras do playboy que se torna super-herói e luta contra vilões armado apenas com arco e flechas.', 'arrow.jpg'),
(156, 'Gotoubun no Hanayome', 'Tezuka Productions, Bibury Animation Studios', '2019-2021', 'anime', 'Comédia, Romance, Harém', '', 'gotoubun_no_hanayome.jpg'),
(157, 'Rakudai Kishi no Cavalry', 'Silver Link, Nexus', '2015', 'anime', 'Ação, Fantasia, Romance, Shounen', '', 'rakudai_kishi_no_cavalry.jpg'),
(158, 'Citrus', 'Passione', '2018', 'anime', 'Drama, Romance, Vida Escolar, Yuri', '', 'citrus.jpg'),
(159, 'The Witcher: Blood Origin', 'Netflix', '2022', 'serie', 'Ação, Aventura, Drama, Fantasia', '1.200 anos antes de Geralt de Rívia, o mundo dos monstros, dos homens e dos elfos se torna um só, e surge o primeiro bruxo.', 'the_witcher_blood_origin.jpg'),
(160, 'O Súbito dos Indecifráveis', 'Cinthya Queiroz', '2022', 'livro', 'Drama, Mistério, Romance', 'Aliceteve sua vida virada do avesso quando sua irmã, Lana, foi assassinada. Desde então, o sentimento de vingança tomou conta de seus pensamentos e ações, que a fizeram embarcar em uma jornada cheia de mistérios e perigos, na tentativa de encontrar o assassino e se vingar. O que a garota não esperava era se apaixonar pelo caminho, um amor pra lá de inconveniente e que pode colocar à prova tudo que ela acredita.', 'o_subito_dos_indecifraveis.jpg'),
(161, 'Resident Evil 1: A Conspiração Umbrella', 'S. D. Perry', '2013', 'livro', 'Ficção Científica, Terror', 'Aventure-se nas descobertas de Chris Redfield e Jill Valentine, que lutam para não serem engolidos pela escuridão eterna. Surpreenda-se ao encarar o seu próprio medo das coisas que se escondem por trás de cada porta.', 'resident_evil_1.jpg'),
(162, 'Resident Evil 2: O Incidente de Caliban Cove', 'S. D. Perry', '2014', 'livro', 'Ficção Científica, Terror', 'Os membros sobreviventes do S.T.A.R.S. acreditavam que a conspiração terminaria após o incidente na mansão Spencer. O esquadrão reuniu evidências para alertar o mundo sobre as terríveis armas biológicas criadas pela corporação Umbrella, mas tudo foi em vão: a empresa farmacêutica saiu impune e os S.T.A.R.S. foram considerados criminosos foragidos.\r\nA história agora é protagonizada pela novata Rebecca Chambers, o único membro da equipe Bravo a sobreviver aos terrores da mansão. A médica passa a fazer parte de um novo esquadrão dos S.T.A.R.S. quando ouve de um misterioso informante rumores sobre uma nova instalação da Umbrella em Caliban Cove, no estado do Maine.\r\nRebecca deverá reunir provas suficientes para finalmente incriminar a Umbrella, mas irá se deparar, mais uma vez, com um perigo inimaginável.', 'resident_evil_2.jpg');

-- --------------------------------------------------------

--
-- Estrutura da tabela `temporadas`
--

DROP TABLE IF EXISTS `temporadas`;
CREATE TABLE IF NOT EXISTS `temporadas` (
  `id_temporada` int(11) NOT NULL AUTO_INCREMENT,
  `id_saga` int(11) NOT NULL,
  `nome` varchar(80) NOT NULL,
  `ano` int(4) NOT NULL,
  `total_episodios` int(2) UNSIGNED ZEROFILL NOT NULL,
  `img` varchar(80) DEFAULT NULL,
  PRIMARY KEY (`id_temporada`)
) ENGINE=MyISAM AUTO_INCREMENT=321 DEFAULT CHARSET=utf8;

--
-- Extraindo dados da tabela `temporadas`
--

INSERT INTO `temporadas` (`id_temporada`, `id_saga`, `nome`, `ano`, `total_episodios`, `img`) VALUES
(1, 1, 'One Piece', 1999, 1013, 'one_piece.jpg'),
(2, 2, 'Another', 2012, 12, 'another.jpg'),
(3, 3, 'Ao Haru Ride', 2014, 12, 'ao_haru_ride.jpg'),
(4, 4, 'Devil May Cry', 2007, 12, 'devil_may_cry.jpg'),
(5, 6, 'Dragon Ball Clássico', 1986, 153, 'dragon_ball_classico.jpg'),
(6, 6, 'Dragon Ball Z', 1989, 291, 'dragon_ball_z.jpg'),
(7, 6, 'Dragon Ball GT', 1996, 64, 'dragon_ball_gt.jpg'),
(8, 6, 'Dragon Ball Super', 2015, 131, 'dragon_ball_super.jpg'),
(9, 7, 'Elfen Lied', 2004, 13, 'elfen_lied.jpg'),
(10, 8, 'Reign - 1ª Temporada', 2013, 22, 'reign_s01.jpg'),
(11, 8, 'Reign - 2ª Temporada', 2014, 22, 'reign_s02.jpg'),
(12, 8, 'Reign - 3ª Temporada', 2015, 18, 'reign_s03.jpg'),
(13, 8, 'Reign - 4ª Temporada', 2017, 16, 'reign_s04.jpg'),
(14, 9, 'Boku Dake ga Inai Machi', 2016, 12, 'boku_dake_ga_inai_machi.jpg'),
(15, 10, 'Haikyuu!! - 1', 2014, 25, 'haikyuu_1.jpg'),
(16, 10, 'Haikyuu!! - 2', 2015, 25, 'haikyuu_2.jpg'),
(17, 10, 'Haikyuu!! Karasuno Koukou VS Shiratorizawa Gakuen', 2016, 10, 'haikyuu_3.jpg'),
(18, 11, 'Boku no Hero Academia - 1ª Temporada', 2016, 13, 'boku_no_hero_1.jpg'),
(19, 11, 'Boku no Hero Academia - 2ª Temporada', 2017, 25, 'boku_no_hero_2.jpg'),
(20, 11, 'Boku no Hero Academia - 3ª Temporada', 2018, 25, 'boku_no_hero_3.jpg'),
(21, 11, 'Boku no Hero Academia - 4ª Temporada', 2019, 25, 'boku_no_hero_4.jpg'),
(22, 10, 'Haikyuu!! To the Top', 2020, 25, 'haikyuu_4.jpg'),
(25, 12, 'Nanatsu no Taizai: Imashime no Fukkatsu', 2019, 24, 'nanatsu_no_taizai_imashime_no_fukkatsu.jpg'),
(23, 12, 'Nanatsu no Taizai', 2014, 24, 'nanatsu_no_taizai.jpg'),
(24, 12, 'Nanatsu no Taizai: Seisen no Shirushi', 2016, 04, 'nanatsu_no_taizai_seisen_no_shirushi.jpg'),
(26, 12, 'Nanatsu no Taizai: Kamigami no Gekirin', 2019, 24, 'nanatsu_no_taizai_kamigami_no_gekirin.jpg'),
(28, 13, 'Castlevania - 1ª Temporada', 2017, 04, 'castlevania_1.jpg'),
(29, 13, 'Castlevania - 2ª Temporada', 2018, 08, 'castlevania_2.jpg'),
(30, 13, 'Castlevania - 3ª Temporada', 2020, 10, 'castlevania_3.jpg'),
(31, 14, 'Hellsing', 2001, 13, 'hellsing.jpg'),
(32, 14, 'Hellsing Ultimate', 2006, 10, 'hellsing_ultimate.jpg'),
(33, 15, 'Noragami', 2014, 12, 'noragami.jpg'),
(34, 15, 'Noragami Aragoto', 2015, 13, 'noragami_aragoto.jpg'),
(35, 16, 'Tokyo Ghoul', 2014, 12, 'tokyo_ghoul_1.jpg'),
(36, 16, 'Tokyo Ghoul √A', 2015, 12, 'tokyo_ghoul_a.jpg'),
(37, 16, 'Tokyo Ghoul:re', 2018, 12, 'tokyo_ghoul_re.jpg'),
(38, 16, 'Tokyo Ghoul:re 2', 2018, 12, 'tokyo_ghoul_re_2.jpg'),
(39, 17, 'Legacies - 1ª Temporada', 2018, 16, 'legacies_s01.jpg'),
(40, 17, 'Legacies - 2ª Temporada', 2019, 16, 'legacies_s02.jpg'),
(41, 18, 'The Promised Neverland - 1ª Temporada', 2019, 12, 'the_promised_neverland_s01.jpg'),
(42, 19, 'Naruto', 2002, 220, 'naruto_classico.jpg'),
(43, 19, 'Naruto Shippuden', 2007, 500, 'naruto_shippuden.jpg'),
(44, 20, 'No Game No Life', 2014, 12, 'no_game_no_life.jpg'),
(45, 21, 'Shigatsu wa Kimi no Uso', 2014, 22, 'shigatsu_wa_kimi_no_uso.jpg'),
(46, 22, 'Tonari no Kaibutsu-kun', 2012, 13, 'tonari_no_kaibutsu-kun.jpg'),
(47, 24, 'HighSchool DxD', 2012, 12, 'highschool_dxd.jpg'),
(48, 24, 'HighSchool DxD: New', 2013, 12, 'highschool_dxd_new.jpg'),
(49, 24, 'HighSchool DxD BorN', 2015, 12, 'highschool_dxd_born.jpg'),
(50, 24, 'HighSchool DxD Hero', 2018, 12, 'highschool_dxd_hero.jpg'),
(51, 25, '13 Reasons Why - 1ª Temporada', 2017, 13, '13_reasons_why_s01.jpg'),
(52, 25, '13 Reasons Why - 2ª Temporada', 2018, 13, '13_reasons_why_s02.jpg'),
(53, 25, '13 Reasons Why - 3ª Temporada', 2019, 13, '13_reasons_why_s03.jpg'),
(54, 25, '13 Reasons Why - 4ª Temporada', 2020, 10, '13_reasons_why_s04.jpg'),
(55, 26, 'Sword Art Online', 2012, 25, 'sword_art_online.jpg'),
(56, 26, 'Sword Art Online II', 2014, 24, 'sword_art_online_2.jpg'),
(57, 26, 'Sword Art Online: Alicization', 2018, 24, 'sword_art_online_alicization.jpg'),
(58, 26, 'Sword Art Online: Alicization - War of Underworld', 2019, 23, 'sword_art_online_alicization_war_of_underworld.jpg'),
(59, 27, 'The Witcher - 1ª Temporada', 2019, 08, 'the_witcher_s01.jpg'),
(60, 29, 'Sin: Nanatsu no Taizai', 2017, 12, 'sin_nanatsu_no_taizai.jpg'),
(61, 29, 'Nanatsu no Bitoku', 2018, 10, 'nanatsu_no_bitoku.jpg'),
(62, 28, 'The Vampire Diaries - 1ª Temporada', 2009, 22, 'the_vampire_diaries_s01.jpg'),
(63, 28, 'The Vampire Diaries - 2ª Temporada', 2010, 22, 'the_vampire_diaries_s02.jpg'),
(64, 28, 'The Vampire Diaries - 3ª Temporada', 2011, 22, 'the_vampire_diaries_s03.jpg'),
(65, 28, 'The Vampire Diaries - 4ª Temporada', 2012, 23, 'the_vampire_diaries_s04.jpg'),
(66, 28, 'The Vampire Diaries - 5ª Temporada', 2013, 22, 'the_vampire_diaries_s05.jpg'),
(67, 28, 'The Vampire Diaries - 6ª Temporada', 2014, 22, 'the_vampire_diaries_s06.jpg'),
(68, 28, 'The Vampire Diaries - 7ª Temporada', 2015, 22, 'the_vampire_diaries_s07.jpg'),
(69, 28, 'The Vampire Diaries - 8ª Temporada', 2016, 16, 'the_vampire_diaries_s08.jpg'),
(70, 30, 'Cursed - 1ª Temporada', 2020, 10, 'cursed_s01.jpg'),
(71, 31, 'Kuzu no Honkai', 2017, 12, 'kuzu_no_honkai.jpg'),
(72, 36, 'Violet Evergarden', 2018, 13, 'violet_evergarden.jpg'),
(73, 37, 'Kare Kano', 1998, 26, 'kare_kano.jpg'),
(74, 38, 'Re:ZERO - Starting Life in Another World', 2016, 25, 're_zero_1.jpg'),
(75, 38, 'Re:ZERO - Starting Life in Another World - Season 2', 2020, 25, 're_zero_2.jpg'),
(76, 32, 'Sex Education - 1ª Temporada', 2019, 08, 'sex_education_s01.jpg'),
(77, 32, 'Sex Education - 2ª Temporada', 2020, 08, 'sex_education_s02.jpg'),
(78, 33, 'Sherlock - 1ª Temporada', 2010, 03, 'sherlock_s01.jpg'),
(79, 33, 'Sherlock - 2ª Temporada', 2012, 03, 'sherlock_s02.jpg'),
(80, 33, 'Sherlock - 3ª Temporada', 2014, 03, 'sherlock_s03.jpg'),
(81, 33, 'Sherlock - 4ª Temporada', 2017, 03, 'sherlock_s04.jpg'),
(82, 6, 'Super Dragon Ball Heroes', 2018, 36, 'super_dragon_ball_heroes.jpg'),
(83, 39, 'V Wars - 1ª Temporada', 2019, 10, 'v_wars_s01.jpg'),
(84, 34, 'Van Helsing - 1ª Temporada', 2016, 13, 'van_helsing_s01.jpg'),
(85, 34, 'Van Helsing - 2ª Temporada', 2017, 13, 'van_helsing_s02.jpg'),
(86, 34, 'Van Helsing - 3ª Temporada', 2018, 13, 'van_helsing_s03.jpg'),
(87, 34, 'Van Helsing - 4ª Temporada', 2019, 13, 'van_helsing_s04.jpg'),
(88, 35, 'You - 1ª Temporada', 2018, 10, 'you_s01.jpg'),
(89, 35, 'You - 2ª Temporada', 2019, 10, 'you_s02.jpg'),
(90, 40, 'Chernobyl', 2019, 05, 'chernobyl.jpg'),
(91, 41, 'Beauty and the Beast - 1ª Temporada', 2012, 22, 'beauty_and_the_beast_s01.jpg'),
(92, 41, 'Beauty and the Beast - 2ª Temporada', 2013, 22, 'beauty_and_the_beast_s02.jpg'),
(93, 41, 'Beauty and the Beast - 3ª Temporada', 2015, 13, 'beauty_and_the_beast_s03.jpg'),
(94, 41, 'Beauty and the Beast - 4ª Temporada', 2016, 13, 'beauty_and_the_beast_s04.jpg'),
(95, 42, 'iZombie - 1ª Temporada', 2015, 13, 'izombie_s01.jpg'),
(96, 42, 'iZombie - 2ª Temporada', 2015, 19, 'izombie_s02.jpg'),
(97, 42, 'iZombie - 3ª Temporada', 2017, 13, 'izombie_s03.jpg'),
(98, 42, 'iZombie - 4ª Temporada', 2018, 13, 'izombie_s04.jpg'),
(99, 42, 'iZombie - 5ª Temporada', 2019, 13, 'izombie_s05.jpg'),
(100, 43, 'Jessica Jones - 1ª Temporada', 2015, 13, 'jessica_jones_s01.jpg'),
(101, 43, 'Jessica Jones - 2ª Temporada', 2018, 13, 'jessica_jones_s02.jpg'),
(102, 43, 'Jessica Jones - 3ª Temporada', 2019, 13, 'jessica_jones_s03.jpg'),
(103, 44, 'Skins - 1ª Temporada', 2007, 09, 'skins_s01.jpg'),
(104, 44, 'Skins - 2ª Temporada', 2008, 10, 'skins_s02.jpg'),
(105, 44, 'Skins - 3ª Temporada', 2009, 10, 'skins_s03.jpg'),
(106, 44, 'Skins - 4ª Temporada', 2010, 08, 'skins_s04.jpg'),
(107, 44, 'Skins - 5ª Temporada', 2011, 08, 'skins_s05.jpg'),
(108, 44, 'Skins - 6ª Temporada', 2012, 10, 'skins_s06.jpg'),
(109, 44, 'Skins - 7ª Temporada', 2013, 06, 'skins_s07.jpg'),
(110, 47, 'The Secret Circle - 1ª Temporada', 2011, 22, 'the_secret_circle.jpg'),
(111, 50, 'Lucifer - 1ª Temporada', 2016, 13, 'lucifer_s01.jpg'),
(112, 50, 'Lucifer - 2ª Temporada', 2016, 18, 'lucifer_s02.jpg'),
(113, 50, 'Lucifer - 3ª Temporada', 2017, 26, 'lucifer_s03.jpg'),
(114, 50, 'Lucifer - 4ª Temporada', 2019, 10, 'lucifer_s04.jpg'),
(115, 50, 'Lucifer - 5ª Temporada', 2020, 16, 'lucifer_s05.jpg'),
(116, 67, 'Emily in Paris - 1ª Temporada', 2020, 10, 'emily_in_paris.jpg'),
(146, 68, 'The Haunting of Hill House - 1ª Temporada', 2018, 10, 'the_haunting_of_hill_house.jpg'),
(117, 46, 'The Originals - 1ª Temporada', 2013, 22, 'the_originals_s01.jpg'),
(118, 46, 'The Originals - 2ª Temporada', 2014, 22, 'the_originals_s02.jpg'),
(119, 46, 'The Originals - 3ª Temporada', 2015, 22, 'the_originals_s03.jpg'),
(120, 46, 'The Originals - 4ª Temporada', 2017, 13, 'the_originals_s04.jpg'),
(121, 46, 'The Originals - 5ª Temporada', 2018, 13, 'the_originals_s05.jpg'),
(122, 45, 'Supernatural - 1ª Temporada', 2005, 22, 'supernatural_s01.jpg'),
(123, 45, 'Supernatural - 2ª Temporada', 2006, 22, 'supernatural_s02.jpg'),
(124, 45, 'Supernatural - 3ª Temporada', 2007, 16, 'supernatural_s03.jpg'),
(125, 45, 'Supernatural - 4ª Temporada', 2008, 22, 'supernatural_s04.jpg'),
(126, 45, 'Supernatural - 5ª Temporada', 2009, 22, 'supernatural_s05.jpg'),
(127, 45, 'Supernatural - 6ª Temporada', 2010, 22, 'supernatural_s06.jpg'),
(128, 45, 'Supernatural - 7ª Temporada', 2011, 23, 'supernatural_s07.jpg'),
(129, 45, 'Supernatural - 8ª Temporada', 2012, 23, 'supernatural_s08.jpg'),
(130, 45, 'Supernatural - 9ª Temporada', 2013, 23, 'supernatural_s09.jpg'),
(131, 45, 'Supernatural - 10ª Temporada', 2014, 23, 'supernatural_s10.jpg'),
(132, 45, 'Supernatural - 11ª Temporada', 2015, 23, 'supernatural_s11.jpg'),
(133, 45, 'Supernatural - 12ª Temporada', 2016, 23, 'supernatural_s12.jpg'),
(134, 45, 'Supernatural - 13ª Temporada', 2017, 23, 'supernatural_s13.jpg'),
(135, 45, 'Supernatural - 14ª Temporada', 2018, 20, 'supernatural_s14.jpg'),
(136, 45, 'Supernatural - 15ª Temporada', 2019, 20, 'supernatural_s15.jpg'),
(137, 51, 'Adachi to Shimamura', 2020, 12, 'adachi_to_shimamura.jpg'),
(138, 52, 'Hunter x Hunter (1999)', 1999, 62, 'hunter_x_hunter_1999.jpg'),
(139, 52, 'Hunter x Hunter (2011)', 2011, 148, 'hunter_x_hunter_2011.jpg'),
(140, 53, 'Dungeon ni Deai - 1ª Temporada', 2015, 13, 'dungeon_ni_deai_1.jpg'),
(141, 53, 'Dungeon ni Deai - 2ª Temporada', 2017, 12, 'dungeon_ni_deai_2.jpg'),
(142, 53, 'Dungeon ni Deai - 3ª Temporada', 2020, 12, 'dungeon_ni_deai_3.jpg'),
(143, 65, 'Seishun Buta Yarou wa Bunny Girl Senpai no Yume wo Minai', 2018, 13, 'bunny_girl.jpg'),
(144, 66, 'Kanojo, Okarishimasu', 2020, 12, 'kanojo_okarishimasu.jpg'),
(145, 48, 'The Walking Dead - 1ª Temporada', 2010, 06, 'the_walking_dead_s01.jpg'),
(147, 69, 'Tell Me a Story - 1ª Temporada', 2018, 10, 'tell_me_a_story_s01.jpg'),
(148, 69, 'Tell Me a Story - 2ª Temporada', 2019, 10, 'tell_me_a_story_s02.jpg'),
(149, 70, 'Dash & Lily - 1ª Temporada', 2020, 08, 'dash_&_lily.jpg'),
(150, 49, 'Atypical - 1ª Temporada', 2017, 08, 'atypical_s01.jpg'),
(151, 49, 'Atypical - 2ª Temporada', 2018, 10, 'atypical_s02.jpg'),
(152, 49, 'Atypical - 3ª Temporada', 2019, 10, 'atypical_s03.jpg'),
(153, 71, 'The Society - 1ª Temporada', 2019, 10, 'the_society.jpg'),
(154, 72, 'The Haunting of Bly Manor - 1ª Temporada', 2020, 09, 'the_haunting_of_bly_manor.jpg'),
(155, 73, 'Black Mirror - 1ª Temporada', 2011, 03, 'black_mirror_s01.jpg'),
(156, 73, 'Black Mirror - 2ª Temporada', 2013, 04, 'black_mirror_s02.jpg'),
(157, 73, 'Black Mirror - 3ª Temporada', 2016, 06, 'black_mirror_s03.jpg'),
(158, 73, 'Black Mirror - 4ª Temporada', 2017, 06, 'black_mirror_s04.jpg'),
(159, 73, 'Black Mirror - 5ª Temporada', 2019, 03, 'black_mirror_s05.jpg'),
(160, 74, 'Mr. Robot - 1ª Temporada', 2015, 10, 'mr_robot_s01.jpg'),
(161, 74, 'Mr. Robot - 2ª Temporada', 2016, 12, 'mr_robot_s02.jpg'),
(162, 74, 'Mr. Robot - 3ª Temporada', 2017, 10, 'mr_robot_s03.jpg'),
(163, 74, 'Mr. Robot - 4ª Temporada', 2019, 13, 'mr_robot_s04.jpg'),
(164, 75, 'Bridgerton - 1ª Temporada', 2020, 08, 'bridgerton.jpg'),
(165, 18, 'The Promised Neverland - 2ª Temporada', 2021, 11, 'the_promised_neverland_s02.jpg'),
(166, 76, 'Orange', 2016, 13, 'orange.jpg'),
(167, 77, 'Kamisama Hajimemashita - 1ª Temporada', 2012, 13, 'kamisama_hajimemashita_s01.jpg'),
(168, 77, 'Kamisama Hajimemashita - 2ª Temporada', 2015, 12, 'kamisama_hajimemashita_s02.jpg'),
(169, 78, 'Bleach', 2004, 366, 'bleach.jpg'),
(170, 79, 'Shingeki no Kyojin - 1ª Temporada', 2013, 25, 'shingeki_no_kyojin_s01.jpg'),
(171, 79, 'Shingeki no Kyojin - 2ª Temporada', 2017, 12, 'shingeki_no_kyojin_s02.jpg'),
(172, 79, 'Shingeki no Kyojin - 3ª Temporada', 2018, 22, 'shingeki_no_kyojin_s03.jpg'),
(173, 79, 'Shingeki no Kyojin - 4ª Temporada', 2020, 07, 'shingeki_no_kyojin_s04.jpg'),
(174, 80, 'Horimiya', 2021, 13, 'horimiya.jpg'),
(175, 81, 'Satsuriku no Tenshi', 2018, 16, 'satsuriku_no_tenshi.jpg'),
(176, 82, 'Jujutsu Kaisen', 2020, 24, 'jujutsu_kaisen.jpg'),
(177, 83, 'Ishuzoku Reviewers', 2020, 12, 'ishuzoku_reviewers.jpg'),
(178, 48, 'The Walking Dead - 9ª Temporada', 2018, 16, 'the_walking_dead_s09.jpg'),
(179, 48, 'The Walking Dead - 2ª Temporada', 2011, 13, 'the_walking_dead_s02.jpg'),
(180, 48, 'The Walking Dead - 3ª Temporada', 2012, 16, 'the_walking_dead_s03.jpg'),
(181, 48, 'The Walking Dead - 4ª Temporada', 2013, 16, 'the_walking_dead_s04.jpg'),
(182, 48, 'The Walking Dead - 5ª Temporada', 2014, 16, 'the_walking_dead_s05.jpg'),
(183, 101, 'Fallen', 2009, 01, 'fallen.jpg'),
(184, 102, 'Tales of Zestiria the X - Season 1', 2016, 12, 'tales_of_zestiria_the_x_s01.jpg'),
(185, 102, 'Tales of Zestiria the X - Season 2', 2017, 13, 'tales_of_zestiria_the_x_s02.jpg'),
(186, 84, 'DOTA: Dragon\'s Blood - Livro 1', 2021, 08, 'dota_dragons_blood.jpg'),
(187, 103, 'Love, Death & Robots - Volume 1', 2019, 18, 'love_death_robots.jpg'),
(188, 104, 'Kono Subarashii Sekai ni Shukufuku wo!', 2016, 10, 'konosuba.jpg'),
(189, 104, 'Kono Subarashii Sekai ni Shukufuku wo! 2', 2017, 10, 'konosuba_2.jpg'),
(190, 105, 'Charlotte', 2015, 13, 'charlotte.jpg'),
(191, 106, 'RWBY - 1ª Temporada', 2013, 16, 'rwby_s01.jpg'),
(192, 106, 'RWBY - 2ª Temporada', 2014, 12, 'rwby_s02.jpg'),
(193, 106, 'RWBY - 3ª Temporada', 2015, 12, 'rwby_s03.jpg'),
(194, 106, 'RWBY - 4ª Temporada', 2016, 12, 'rwby_s04.jpg'),
(195, 106, 'RWBY - 5ª Temporada', 2017, 14, 'rwby_s05.jpg'),
(196, 106, 'RWBY - 6ª Temporada', 2018, 13, 'rwby_s06.jpg'),
(197, 106, 'RWBY - 7ª Temporada', 2019, 13, 'rwby_s07.jpg'),
(198, 106, 'RWBY - 8ª Temporada', 2020, 14, 'rwby_s08.jpg'),
(199, 107, 'Seraph of the End: Vampire Reign', 2015, 24, 'seraph_of_the_end.jpg'),
(200, 34, 'Van Helsing - 5ª Temporada', 2021, 13, 'van_helsing_s05.jpg'),
(201, 13, 'Castlevania - 4ª Temporada', 2021, 10, 'castlevania_4.jpg'),
(202, 103, 'Love, Death & Robots - Volume 2', 2021, 08, 'love_death_robots_v2.jpg'),
(203, 108, 'Toradora!', 2008, 25, 'toradora.jpg'),
(204, 109, 'Berserk: Kenpū Denki ', 1997, 25, 'berserk_kenpu_denki.jpg'),
(205, 109, 'Berserk', 2016, 12, 'berserk_1.jpg'),
(206, 109, 'Berserk 2', 2017, 12, 'berserk_2.jpg'),
(207, 110, 'Seiren', 2017, 12, 'seiren.jpg'),
(208, 111, 'DARLING in the FRANXX', 2018, 24, 'darling_in_the_franxx.jpg'),
(209, 112, 'God Eater', 2015, 13, 'god_eater.jpg'),
(210, 11, 'Boku no Hero Academia - 5ª Temporada', 2021, 25, 'boku_no_hero_5.jpg'),
(211, 114, 'Gleipnir', 2020, 13, 'gleipnir.jpg'),
(212, 113, 'Plastic Memories', 2015, 13, 'plastic_memories.jpg'),
(213, 115, 'Kyōkai no Kanata', 2013, 12, 'kyokai_no_kanata.jpg'),
(214, 116, 'Dororo to Hyakkimaru', 1969, 26, 'dororo_to_hyakkimaru.jpg'),
(215, 116, 'Dororo', 2019, 24, 'dororo.jpg'),
(216, 117, 'Suki-tte ii na yo', 2012, 13, 'suki-tte_ii_na_yo.jpg'),
(217, 119, 'Élite - 1ª Temporada', 2018, 08, 'elite_s01.jpg'),
(218, 119, 'Élite - 2ª Temporada', 2019, 08, 'elite_s02.jpg'),
(219, 119, 'Élite - 3ª Temporada', 2020, 08, 'elite_s03.jpg'),
(220, 119, 'Élite - 4ª Temporada', 2021, 08, 'elite_s04.jpg'),
(221, 120, 'Dark - 1ª Temporada', 2017, 10, 'dark_s01.jpg'),
(222, 120, 'Dark - 2ª Temporada', 2019, 08, 'dark_s02.jpg'),
(223, 120, 'Dark - 3ª Temporada', 2020, 08, 'dark_s03.jpg'),
(224, 121, 'Too Hot to Handle - 1ª Temporada', 2020, 09, 'too_hot_to_handle_s01.jpg'),
(225, 121, 'Too Hot to Handle - 2ª Temporada', 2021, 10, 'too_hot_to_handle_s02.jpg'),
(226, 122, 'Paradise City - 1ª Temporada', 2021, 08, 'paradise_city.jpg'),
(227, 123, 'Sense8 - 1ª Temporada', 2015, 12, 'sense8_s01.jpg'),
(228, 123, 'Sense8 - 2ª Temporada', 2017, 12, 'sense8_s02.jpg'),
(229, 17, 'Legacies - 3ª Temporada', 2021, 16, 'legacies_s03.jpg'),
(230, 125, 'Sex/Life', 2021, 08, 'sex-life.jpg'),
(231, 124, 'Resident Evil: Infinite Darkness', 2021, 04, 'resident_evil_infinite_darkness.jpg'),
(232, 126, 'To LOVE-Ru', 2008, 26, 'to_love_ru.jpg'),
(233, 126, 'Motto To LOVE-Ru', 2010, 12, 'motto_to_love_ru.jpg'),
(234, 126, 'To LOVE-Ru: Darkness', 2012, 12, 'to_love_ru_darkness.jpg'),
(235, 126, 'To LOVE-Ru: Darkness 2nd', 2015, 14, 'to_love_ru_darkness_2.jpg'),
(236, 127, 'Never Have I Ever - 1ª Temporada', 2020, 10, 'never_have_i_ever_s01.jpg'),
(237, 127, 'Never Have I Ever - 2ª Temporada', 2021, 10, 'never_have_i_ever_s02.jpg'),
(238, 49, 'Atypical - 4ª Temporada', 2021, 10, 'atypical_s04.jpg'),
(239, 128, 'Oscuro Deseo - 1ª Temporada', 2020, 18, 'oscuro_deseo.jpg'),
(240, 129, 'Into the Dark - 1ª Temporada', 2018, 12, 'into_the_dark_s01.jpg'),
(241, 129, 'Into the Dark - 2ª Temporada', 2019, 12, 'into_the_dark_s02.jpg'),
(242, 130, 'Too Hot to Handle: Brazil', 2021, 08, 'too_hot_to_handle_brazil.jpg'),
(243, 131, 'Shadowhunters: The Mortal Instruments - 1ª Temporada', 2016, 13, 'shadowhunters_s01.jpg'),
(244, 131, 'Shadowhunters: The Mortal Instruments - 2ª Temporada', 2017, 20, 'shadowhunters_s02.jpg'),
(245, 131, 'Shadowhunters: The Mortal Instruments - 3ª Temporada', 2018, 22, 'shadowhunters_s03.jpg'),
(246, 132, 'Tiny Pretty Things - 1ª Temporada', 2020, 10, 'tiny_pretty_things.jpg'),
(247, 12, 'Nanatsu no Taizai: Fundo no Shinpan', 2021, 24, 'nanatsu_no_taizai_fundo_no_shinpan.jpg'),
(248, 133, 'Magi: The Labyrinth of Magic', 2012, 25, 'magi_the_labyrinth_of_magic.jpg'),
(249, 133, 'Magi: The Kingdom of Magic', 2013, 25, 'magi_the_kingdom_of_magic.jpg'),
(250, 134, 'Magi: Sinbad no Bouken', 2016, 13, 'magi_sinbad_no_bouken.jpg'),
(251, 135, 'Game of Thrones - 1ª Temporada', 2011, 10, 'game_of_thrones_s01.jpg'),
(252, 135, 'Game of Thrones - 2ª Temporada', 2012, 10, 'game_of_thrones_s02.jpg'),
(253, 135, 'Game of Thrones - 3ª Temporada', 2013, 10, 'game_of_thrones_s03.jpg'),
(254, 135, 'Game of Thrones - 4ª Temporada', 2014, 10, 'game_of_thrones_s04.jpg'),
(255, 135, 'Game of Thrones - 5ª Temporada', 2015, 10, 'game_of_thrones_s05.jpg'),
(256, 135, 'Game of Thrones - 6ª Temporada', 2016, 10, 'game_of_thrones_s06.jpg'),
(257, 135, 'Game of Thrones - 7ª Temporada', 2017, 07, 'game_of_thrones_s07.jpg'),
(258, 135, 'Game of Thrones - 8ª Temporada', 2019, 06, 'game_of_thrones_s08.jpg'),
(259, 136, 'Bright Falls', 2010, 06, 'bright_falls.jpg'),
(260, 137, 'Fate/Stay Night', 2006, 24, 'fate_stay_night_2006.jpg'),
(261, 137, 'Fate/Zero', 2011, 25, 'fate_zero.jpg'),
(262, 137, 'Fate/Stay Night: Unlimited Blade Works', 2014, 25, 'fate_stay_night_unlimited_blade_works.jpg'),
(263, 137, 'Fate/Stay Night: Heaven’s Feel - I. Presage Flower', 2017, 01, 'fate_stay_night_heavens_feel_1.jpg'),
(264, 50, 'Lucifer - 6ª Temporada', 2021, 10, 'lucifer_s06.jpg'),
(265, 137, 'Fate/Stay Night: Heaven’s Feel - II. Lost Butterfly', 2019, 01, 'fate_stay_night_heavens_feel_2.jpg'),
(266, 137, 'Fate/Stay Night: Heaven’s Feel - III. Spring Song', 2020, 01, 'fate_stay_night_heavens_feel_3.jpg'),
(267, 139, 'Kimetsu no Yaiba - 1ª Temporada', 2019, 26, 'kimetsu_no_yaiba_1.jpg'),
(268, 140, 'Too Hot to Handle: Latino', 2021, 08, 'too_hot_to_handle_latino.jpg'),
(269, 32, 'Sex Education - 3ª Temporada', 2021, 08, 'sex_education_s03.jpg'),
(270, 141, 'Isekai Maou to Shoukan Shoujo no Dorei Majutsu', 2018, 12, 'isekai_maou_to_shoukan_shoujo_no_dorei_majutsu.jpg'),
(271, 141, 'Isekai Maou to Shoukan Shoujo no Dorei Majutsu Ω', 2021, 10, 'isekai_maou_to_shoukan_shoujo_no_dorei_majutsu_2.jpg'),
(272, 142, 'Sentouin, Hakenshimasu!', 2021, 12, 'sentouin_hakenshimasu.jpg'),
(273, 143, 'Victorious - 1ª Temporada', 2010, 20, 'victorious_s01.jpg'),
(274, 143, 'Victorious - 2ª Temporada', 2011, 13, 'victorious_s02.jpg'),
(275, 143, 'Victorious - 3ª Temporada', 2011, 14, 'victorious_s03.jpg'),
(276, 143, 'Victorious - 4ª Temporada', 2012, 13, 'victorious_s04.jpg'),
(277, 144, 'Midnight Mass - 1ª Temporada', 2021, 07, 'midnight_mass.jpg'),
(278, 35, 'You - 3ª Temporada', 2021, 10, 'you_s03.jpg'),
(279, 147, 'Inazuma Eleven', 2008, 127, 'inazuma_eleven_1.jpg'),
(280, 147, 'Inazuma Eleven GO', 2011, 47, 'inazuma_eleven_go.jpg'),
(281, 147, 'Inazuma Eleven GO: Chrono Stone', 2012, 51, 'inazuma_eleven_go_chrono_stone.jpg'),
(282, 147, 'Inazuma Eleven GO: Galaxy', 2013, 43, 'inazuma_eleven_go_galaxy.jpg'),
(283, 147, 'Inazuma Eleven - Outer Code', 2016, 06, 'inazuma_eleven_outer_code.jpg'),
(284, 147, 'Inazuma Eleven Reloaded', 2018, 01, 'inazuma_eleven_reloaded.jpg'),
(285, 147, 'Inazuma Eleven: Ares no Tenbin', 2018, 26, 'inazuma_eleven_ares_no_tenbin.jpg'),
(286, 147, 'Inazuma Eleven: Orion no Kokuin', 2018, 37, 'inazuma_eleven_orion_no_kokuin.jpg'),
(287, 146, 'Arcane - 1ª Temporada', 2021, 09, 'arcane.jpg'),
(288, 148, 'Hometown Cha-Cha-Cha - 1ª Temporada', 2021, 16, 'hometown_cha-cha-cha.jpg'),
(289, 149, 'Yosuga no Sora', 2010, 12, 'yosuga_no_sora.jpg'),
(290, 150, 'Valkyrie Drive: Mermaid', 2015, 12, 'valkyrie_drive.jpg'),
(291, 151, 'Shinmai Maou no Testament', 2015, 12, 'shinmai_maou_no_testament.jpg'),
(292, 151, 'Shinmai Maou no Testament Burst', 2015, 10, 'shinmai_maou_no_testament_burst.jpg'),
(293, 17, 'Legacies - 4ª Temporada', 2021, 09, 'legacies_s04.jpg'),
(294, 154, 'Dickinson - 1ª Temporada', 2019, 10, 'dickinson_s01.jpg'),
(295, 154, 'Dickinson - 2ª Temporada', 2021, 10, 'dickinson_s02.jpg'),
(296, 154, 'Dickinson - 3ª Temporada', 2021, 10, 'dickinson_s03.jpg'),
(297, 155, 'Arrow - 1ª Temporada', 2012, 23, 'arrow_s01.jpg'),
(298, 155, 'Arrow - 2ª Temporada', 2013, 23, 'arrow_s02.jpg'),
(299, 155, 'Arrow - 3ª Temporada', 2014, 23, 'arrow_s03.jpg'),
(300, 155, 'Arrow - 4ª Temporada', 2015, 23, 'arrow_s04.jpg'),
(301, 155, 'Arrow - 5ª Temporada', 2016, 23, 'arrow_s05.jpg'),
(302, 155, 'Arrow - 6ª Temporada', 2017, 23, 'arrow_s06.jpg'),
(303, 155, 'Arrow - 7ª Temporada', 2018, 22, 'arrow_s07.jpg'),
(304, 155, 'Arrow - 8ª Temporada', 2019, 10, 'arrow_s08.jpg'),
(305, 156, 'Gotoubun no Hanayome', 2019, 12, 'gotoubun_no_hanayome_1.jpg'),
(306, 156, 'Gotoubun no Hanayome ∬', 2021, 12, 'gotoubun_no_hanayome_2.jpg'),
(307, 157, 'Rakudai Kishi no Cavalry', 2015, 12, 'rakudai_kishi_no_cavalry.jpg'),
(308, 158, 'Citrus', 2018, 12, 'citrus.jpg'),
(309, 27, 'The Witcher - 2ª Temporada', 2021, 08, 'the_witcher_s02.jpg'),
(310, 67, 'Emily in Paris - 2ª Temporada', 2021, 10, 'emily_in_paris_s02.jpg'),
(311, 84, 'DOTA: Dragon\'s Blood - Livro 2', 2022, 08, 'dota_dragons_blood_2.jpg'),
(312, 121, 'Too Hot to Handle - 3ª Temporada', 2022, 10, 'too_hot_to_handle_s03.jpg'),
(313, 128, 'Oscuro Deseo - 2ª Temporada', 2022, 15, 'oscuro_deseo_s02.jpg'),
(314, 139, 'Kimetsu no Yaiba - 2ª Temporada', 2021, 18, 'kimetsu_no_yaiba_2.jpg'),
(315, 166, 'The Cuphead Show! - 1ª Temporada', 2022, 12, 'the_cuphead_show.jpg'),
(316, 167, 'My Dress-Up Darling', 2022, 07, 'my_dress-up_darling.jpg'),
(317, 168, 'Tate no Yūsha no Nariagari', 2019, 25, 'tate_no_yusha_no_nariagari.jpg'),
(318, 48, 'The Walking Dead - 6ª Temporada', 2015, 16, 'the_walking_dead_s06.jpg'),
(319, 48, 'The Walking Dead - 7ª Temporada', 2016, 16, 'the_walking_dead_s07.jpg'),
(320, 48, 'The Walking Dead - 8ª Temporada', 2017, 16, 'the_walking_dead_s08.jpg');

-- --------------------------------------------------------

--
-- Estrutura da tabela `usuarios`
--

DROP TABLE IF EXISTS `usuarios`;
CREATE TABLE IF NOT EXISTS `usuarios` (
  `id_usuario` int(11) NOT NULL AUTO_INCREMENT,
  `login` varchar(80) NOT NULL,
  `senha` varchar(80) NOT NULL,
  `sagas` text,
  `nivel_acesso` enum('1','2','3') NOT NULL,
  PRIMARY KEY (`id_usuario`)
) ENGINE=MyISAM AUTO_INCREMENT=3 DEFAULT CHARSET=utf8;

--
-- Extraindo dados da tabela `usuarios`
--

INSERT INTO `usuarios` (`id_usuario`, `login`, `senha`, `sagas`, `nivel_acesso`) VALUES
(1, 'blinkner', '7c4a8d09ca3762af61e59520943dc26494f8941b', '1,2,3,4,5,6,7,8,9,10,11,12,13,14,15,16,17,18,19,20,21,22,23,24,25,26,27,28,29,30,31,32,33,34,35,36,37,38,39,40,41,42,43,44,45,46,47,50,54,55,56,57,58,59,60,61,62,63,64,66,68,67,65,71,72,69,51,70,75,76,52,77,100,95,92,96,98,99,94,86,101,89,97,85,91,90,88,87,93,102,84,80,104,83,105,103,121,123,124,108,120,130,125,113,128,128,132,114,111,126,140,136,81,144,141,135,142,115,149,73,150,148,138,157,127,146,154,156,82,74,163,164,166,110', '1'),
(2, 'gabroc', 'a9993e364706816aba3e25717850c26c9cd0d89d', '1,4', '2');
COMMIT;

/*!40101 SET CHARACTER_SET_CLIENT=@OLD_CHARACTER_SET_CLIENT */;
/*!40101 SET CHARACTER_SET_RESULTS=@OLD_CHARACTER_SET_RESULTS */;
/*!40101 SET COLLATION_CONNECTION=@OLD_COLLATION_CONNECTION */;
